0,Stranger Things,Drama,Fantasy,Horror
1,Resident Evil,Action,Horror,Sci-Fi
3,Doctor Strange in the Multiverse of Madness,Action,Adventure,Fantasy
5,The Walking Dead,Drama,Horror,Thriller
6,What We Do in the Shadows,Comedy,Fantasy,Horror
7,Supernatural,Drama,Fantasy,Horror
9,Nope,Horror,Mystery,Sci-Fi
10,Bodies Bodies Bodies,Comedy,Horror,Thriller
11,Last Night in Soho,Drama,Horror,Mystery
12,The Sandman,Drama,Fantasy,Horror
13,The Munsters,Comedy,Family,Fantasy
15,Orphan: First Kill,Crime,Drama,Horror
16,American Horror Story,Drama,Horror,Sci-Fi
17,"Love, Death &amp; Robots",Animation,Short,Action
18,Resident Evil: Welcome to Raccoon City,Action,Horror,Sci-Fi
19,Shingeki no Kyojin,Animation,Action,Adventure
20,Crimes of the Future,Drama,Horror,Sci-Fi
21,Yellowjackets,Drama,Horror,Mystery
22,Men,Drama,Fantasy,Horror
23,Morbius,Action,Adventure,Horror
24,Evil,Crime,Drama,Horror
25,Day Shift,Action,Comedy,Fantasy
26,Malnazidos,Action,Adventure,Fantasy
27,The Vampire Diaries,Drama,Fantasy,Horror
28,Watcher,Drama,Horror,Thriller
29,Orphan,Horror,Mystery,Thriller
30,Midsommar,Drama,Horror,Mystery
32,American Psycho,Crime,Drama,Horror
33,Legacies,Adventure,Drama,Fantasy
34,Old,Drama,Horror,Mystery
35,American Horror Stories,Drama,Horror,Mystery
37,The Baby,Comedy,Horror,Mystery
38,Scream,Horror,Mystery,Thriller
39,Mad God,Animation,Fantasy,Horror
41,Srpski film,Horror,Mystery,Thriller
42,Get Out,Horror,Mystery,Thriller
43,The Secret of Skinwalker Ranch,Horror,Mystery,Reality-TV
44,Midnight Mass,Drama,Fantasy,Horror
45,Fear the Walking Dead,Drama,Horror,Sci-Fi
46,First Kill,Drama,Horror,Mystery
47,Hellboy,Action,Adventure,Fantasy
48,The Mist,Horror,Sci-Fi,Thriller
49,Overlord,Action,Horror,Sci-Fi
0,Fresh,Comedy,Horror,Thriller
1,The Haunting of Hill House,Drama,Horror,Mystery
2,Hocus Pocus 2,Comedy,Family,Fantasy
3,Hereditary,Drama,Horror,Mystery
4,Paper Girls,Drama,Fantasy,Horror
5,Spree,Action,Comedy,Crime
6,The Mortal Instruments: City of Bones,Action,Adventure,Fantasy
7,Resident Evil,Action,Horror,Sci-Fi
9,Prey,Action,Drama,Horror
10,From,Drama,Horror,Mystery
12,It Chapter Two,Drama,Fantasy,Horror
14,The Conjuring,Horror,Mystery,Thriller
15,Locke &amp; Key,Drama,Fantasy,Horror
16,Scream 6,Horror,Mystery,Thriller
17,The Midwich Cuckoos,Drama,Horror,Mystery
18,Hannibal,Crime,Drama,Horror
19,Us,Horror,Mystery,Thriller
20,The Originals,Drama,Fantasy,Horror
21,Fear Street: 1994,Drama,Horror,Mystery
22,Alien: Covenant,Horror,Sci-Fi,Thriller
23,In the Dark,Action,Crime,Horror
24,The Thing,Horror,Mystery,Sci-Fi
25,The VVitch: A New-England Folktale,Drama,Fantasy,Horror
26,Annihilation,Adventure,Drama,Horror
27,The Deadly Mantis,Family,Horror,Sci-Fi
30,Gravity Falls,Animation,Action,Adventure
31,Fear Street: 1978,Drama,Horror,Mystery
32,The Shallows,Action,Drama,Horror
33,Beast,Adventure,Drama,Horror
34,Grimm,Crime,Drama,Fantasy
35,Sinister,Horror,Mystery,Thriller
36,The Cabin in the Woods,Horror,Mystery,Thriller
37,The Stand,Adventure,Drama,Fantasy
38,A Quiet Place Part II,Drama,Horror,Sci-Fi
39,The Twilight Zone,Drama,Fantasy,Horror
41,The Last of Us,Action,Adventure,Drama
42,Hocus Pocus,Comedy,Family,Fantasy
44,The Meg,Action,Horror,Sci-Fi
46,Jigeum Uri Hakgyoneun,Action,Drama,Fantasy
47,The Mummy,Action,Adventure,Fantasy
48,Sweeney Todd: The Demon Barber of Fleet Street,Drama,Horror,Musical
0,Mother!,Drama,Horror,Mystery
1,Underwater,Action,Horror,Sci-Fi
3,Chilling Adventures of Sabrina,Drama,Fantasy,Horror
4,A Quiet Place,Drama,Horror,Sci-Fi
7,The Owl House,Animation,Action,Adventure
8,Predator,Action,Adventure,Horror
9,The Hunt,Action,Horror,Thriller
10,The Lighthouse,Drama,Fantasy,Horror
11,Lamb,Drama,Fantasy,Horror
12,The Munsters,Comedy,Family,Fantasy
14,Firestarter,Drama,Horror,Sci-Fi
15,Interview with the Vampire: The Vampire Chronicles,Drama,Fantasy,Horror
17,Resurrection,Crime,Drama,Horror
18,The Empty Man,Horror,Mystery,Thriller
20,It,Drama,Horror,Mystery
22,Suspiria,Drama,Fantasy,Horror
23,JoJo no kimyô-na bôken,Animation,Action,Adventure
24,Bone Tomahawk,Drama,Horror,Western
25,Servant,Drama,Horror,Mystery
27,Ready or Not,Action,Comedy,Horror
28,From Dusk Till Dawn,Action,Crime,Horror
29,Psycho,Horror,Mystery,Thriller
31,Texas Chainsaw Massacre,Crime,Horror,Thriller
32,Archive 81,Drama,Horror,Mystery
33,De uskyldige,Drama,Fantasy,Horror
35,Castlevania,Animation,Action,Adventure
36,Jeepers Creepers: Reborn,Horror,Mystery,Thriller
39,Army of the Dead,Action,Crime,Horror
40,The Haunting of Bly Manor,Drama,Horror,Mystery
41,Doctor Sleep,Drama,Fantasy,Horror
42,Brightburn,Drama,Horror,Mystery
43,28 Days Later...,Drama,Horror,Sci-Fi
45,The Night House,Horror,Mystery,Thriller
46,Insidious,Horror,Mystery,Thriller
47,Dracula,Drama,Fantasy,Horror
48,It Follows,Horror,Mystery,Thriller
49,Constantine,Action,Fantasy,Horror
1,Life,Horror,Sci-Fi,Thriller
3,El hoyo,Horror,Sci-Fi,Thriller
4,The Invisible Man,Drama,Horror,Mystery
6,World War Z,Action,Adventure,Horror
10,Twin Peaks,Crime,Drama,Horror
11,Preacher,Adventure,Drama,Fantasy
12,Event Horizon,Horror,Sci-Fi,Thriller
13,The New Mutants,Action,Horror,Mystery
14,10 Cloverfield Lane,Drama,Horror,Mystery
15,Hellboy,Action,Adventure,Fantasy
16,Busanhaeng,Action,Horror,Thriller
17,Under the Skin,Drama,Horror,Mystery
18,Malignant,Crime,Horror,Mystery
19,What Ever Happened to Baby Jane?,Drama,Horror,Thriller
20,Saw,Horror,Mystery,Thriller
28,Blade,Action,Horror,Sci-Fi
29,The Rocky Horror Picture Show,Comedy,Horror,Musical
30,The Others,Horror,Mystery,Thriller
31,Don't Breathe,Crime,Horror,Thriller
33,Penny Dreadful,Drama,Fantasy,Horror
34,Titane,Drama,Horror,Sci-Fi
35,The Killing of a Sacred Deer,Drama,Horror,Mystery
36,Eight for Silver,Fantasy,Horror,Mystery
37,Dead End: Paranormal Park,Animation,Adventure,Comedy
38,The Poughkeepsie Tapes,Horror,Mystery,Thriller
41,Primal,Animation,Action,Adventure
42,Black Summer,Action,Drama,Horror
43,Vivarium,Horror,Mystery,Sci-Fi
44,The Crow,Action,Crime,Drama
45,Wellington Paranormal,Comedy,Crime,Fantasy
46,Hotel Transylvania: Transformania,Animation,Adventure,Comedy
47,Bates Motel,Drama,Horror,Mystery
48,Escape Room: Tournament of Champions,Action,Adventure,Horror
49,iZombie,Comedy,Crime,Drama
0,The Conjuring: The Devil Made Me Do It,Horror,Mystery,Thriller
1,The Descent,Adventure,Horror,Thriller
3,Kingdom,Action,Drama,Horror
4,The Craft,Drama,Fantasy,Horror
6,Zombieland,Action,Comedy,Horror
8,They Live,Action,Horror,Sci-Fi
9,A Cure for Wellness,Drama,Fantasy,Horror
10,Don't Breathe 2,Action,Crime,Horror
11,Glitch,Drama,Horror,Sci-Fi
12,The Rental,Drama,Horror,Mystery
13,Urban Legend,Horror,Mystery,Thriller
15,The Visit,Horror,Mystery,Thriller
17,Spiral: From the Book of Saw,Crime,Horror,Mystery
18,Little Shop of Horrors,Comedy,Horror,Musical
19,The Strain,Drama,Fantasy,Horror
20,The Fly,Drama,Horror,Sci-Fi
21,Ash vs Evil Dead,Action,Comedy,Fantasy
22,Friday the 13th,Horror,Mystery,Thriller
24,47 Meters Down,Adventure,Drama,Horror
28,Antlers,Drama,Horror,Mystery
29,Vampires,Action,Horror,Thriller
30,Jaws 2,Adventure,Horror,Thriller
31,Escape Room,Action,Adventure,Horror
33,Gerald's Game,Drama,Horror,Thriller
36,The Purge,Horror,Sci-Fi,Thriller
37,La tua presenza nuda!,Crime,Drama,Horror
39,Ang-ma-reul bo-at-da,Action,Crime,Drama
40,Resident Evil: Apocalypse,Action,Horror,Sci-Fi
44,Doom,Action,Horror,Sci-Fi
45,Mandy,Action,Fantasy,Horror
46,Resident Evil: Infinite Darkness,Animation,Action,Horror
48,Them,Drama,Horror,Thriller
49,The House That Jack Built,Crime,Drama,Horror
0,Thor: Love and Thunder,Action,Adventure,Comedy
1,Stranger Things,Drama,Fantasy,Horror
2,The Boys,Action,Crime,Drama
3,Resident Evil,Action,Horror,Sci-Fi
4,The Umbrella Academy,Action,Adventure,Comedy
5,Ms. Marvel,Action,Adventure,Comedy
6,Westworld,Drama,Mystery,Sci-Fi
7,Jurassic World Dominion,Action,Adventure,Sci-Fi
8,Minions: The Rise of Gru,Animation,Adventure,Comedy
9,Doctor Strange in the Multiverse of Madness,Action,Adventure,Fantasy
10,Everything Everywhere All at Once,Action,Adventure,Comedy
11,Star Trek: Strange New Worlds,Action,Adventure,Sci-Fi
12,The Orville,Adventure,Comedy,Drama
13,Obi-Wan Kenobi,Action,Adventure,Sci-Fi
14,Severance,Drama,Mystery,Sci-Fi
15,Manifest,Drama,Mystery,Sci-Fi
16,Lightyear,Animation,Action,Adventure
17,Thor: Ragnarok,Action,Adventure,Comedy
19,Nope,Horror,Mystery,Sci-Fi
20,Spider-Man: No Way Home,Action,Adventure,Fantasy
21,The Sandman,Drama,Fantasy,Horror
22,The Munsters,Comedy,Family,Fantasy
23,Spiderhead,Action,Crime,Drama
25,Black Mirror,Drama,Mystery,Sci-Fi
26,The Flash,Action,Adventure,Drama
27,The Mandalorian,Action,Adventure,Fantasy
28,Rocketry: The Nambi Effect,Action,Biography,Drama
29,American Horror Story,Drama,Horror,Sci-Fi
30,"Love, Death &amp; Robots",Animation,Short,Action
32,Doctor Who,Adventure,Drama,Sci-Fi
33,Resident Evil: Welcome to Raccoon City,Action,Horror,Sci-Fi
34,Solar Opposites,Animation,Comedy,Sci-Fi
35,Crimes of the Future,Drama,Horror,Sci-Fi
36,Lost,Adventure,Drama,Fantasy
37,Jurassic Park,Action,Adventure,Sci-Fi
38,Rick and Morty,Animation,Adventure,Comedy
39,Morbius,Action,Adventure,Horror
40,The Marvels,Action,Adventure,Fantasy
41,The Undeclared War,Drama,Sci-Fi,Thriller
42,Avengers: Endgame,Action,Adventure,Drama
43,Dune: Part One,Action,Adventure,Drama
44,Halo,Action,Adventure,Sci-Fi
45,Eternals,Action,Adventure,Fantasy
46,The X Files,Crime,Drama,Mystery
47,Dark,Crime,Drama,Mystery
48,Star Trek: Discovery,Action,Adventure,Drama
49,Ghostbusters: Afterlife,Adventure,Comedy,Fantasy
0,DC League of Super-Pets,Animation,Action,Adventure
1,Avatar: The Way of Water,Action,Adventure,Sci-Fi
2,Interstellar,Adventure,Drama,Sci-Fi
3,Inception,Action,Adventure,Sci-Fi
4,Invincible,Animation,Action,Adventure
5,Free Guy,Action,Adventure,Comedy
6,The 100,Drama,Mystery,Sci-Fi
7,Black Panther: Wakanda Forever,Action,Adventure,Drama
8,Loki,Action,Adventure,Fantasy
9,Black Adam,Action,Fantasy,Sci-Fi
10,The Time Traveler's Wife,Drama,Fantasy,Romance
11,Star Wars: The Clone Wars,Animation,Action,Adventure
12,Sonic the Hedgehog 2,Action,Adventure,Comedy
13,She-Hulk: Attorney at Law,Action,Adventure,Comedy
14,WandaVision,Action,Comedy,Drama
15,Arcane: League of Legends,Animation,Action,Adventure
16,Minions,Animation,Adventure,Comedy
17,Avengers: Infinity War,Action,Adventure,Sci-Fi
18,Guardians of the Galaxy,Action,Adventure,Comedy
19,Star Trek: The Next Generation,Action,Adventure,Sci-Fi
20,The Book of Boba Fett,Action,Adventure,Sci-Fi
21,Star Trek,Action,Adventure,Sci-Fi
22,The Expanse,Drama,Mystery,Sci-Fi
23,Star Wars,Action,Adventure,Fantasy
24,Harley Quinn,Animation,Action,Adventure
25,Daredevil,Action,Crime,Drama
26,Don't Look Up,Comedy,Drama,Sci-Fi
27,Jurassic World,Action,Adventure,Sci-Fi
28,Superman &amp; Lois,Action,Adventure,Drama
29,Mad God,Animation,Fantasy,Horror
30,Samaritan,Action,Drama,Fantasy
31,Independence Day,Action,Adventure,Sci-Fi
32,Moonfall,Action,Adventure,Sci-Fi
33,Doctor Strange,Action,Adventure,Fantasy
34,Blade Runner 2049,Action,Drama,Mystery
35,Black Widow,Action,Adventure,Sci-Fi
36,Jurassic World: Fallen Kingdom,Action,Adventure,Sci-Fi
37,Back to the Future,Adventure,Comedy,Sci-Fi
38,Avatar,Action,Adventure,Fantasy
39,Diabolical,Animation,Short,Action
40,Smallville,Action,Adventure,Drama
41,Night Sky,Adventure,Drama,Fantasy
42,Titans,Action,Adventure,Crime
43,Star Trek: Picard,Action,Adventure,Drama
44,Warehouse 13,Drama,Mystery,Sci-Fi
45,Tenet,Action,Sci-Fi,Thriller
46,The Suicide Squad,Action,Adventure,Comedy
47,The Adam Project,Action,Adventure,Comedy
48,See,Action,Drama,Sci-Fi
49,Captain Marvel,Action,Adventure,Sci-Fi
0,Shang-Chi and the Legend of the Ten Rings,Action,Adventure,Fantasy
1,Mad Max: Fury Road,Action,Adventure,Sci-Fi
2,Arrow,Action,Adventure,Crime
3,Hawkeye,Action,Adventure,Crime
4,Shining Girls,Crime,Drama,Mystery
5,Peacemaker,Action,Adventure,Comedy
6,Fringe,Drama,Mystery,Sci-Fi
7,Fear the Walking Dead,Drama,Horror,Sci-Fi
8,Despicable Me,Animation,Adventure,Comedy
9,Agents of S.H.I.E.L.D.,Action,Adventure,Drama
11,Star Wars: Episode I - The Phantom Menace,Action,Adventure,Fantasy
13,Motherland: Fort Salem,Drama,Fantasy,Sci-Fi
14,Hellboy,Action,Adventure,Fantasy
15,Stargåte SG-1,Action,Adventure,Drama
16,Spider-Man: Homecoming,Action,Adventure,Sci-Fi
17,Guardians of the Galaxy Vol. 2,Action,Adventure,Comedy
18,The Mist,Horror,Sci-Fi,Thriller
19,Black Panther,Action,Adventure,Sci-Fi
20,Spider-Man,Action,Adventure,Sci-Fi
21,Overlord,Action,Horror,Sci-Fi
23,The Avengers,Action,Adventure,Sci-Fi
24,Station Eleven,Adventure,Drama,Fantasy
25,The Hunger Games,Action,Adventure,Sci-Fi
26,Person of Interest,Action,Crime,Drama
27,Minority Report,Action,Crime,Mystery
28,Blade Runner,Action,Drama,Sci-Fi
29,Paper Girls,Drama,Fantasy,Horror
30,Baymax!,Animation,Short,Action
31,Suicide Squad,Action,Adventure,Fantasy
32,Resident Evil,Action,Horror,Sci-Fi
34,Iron Man,Action,Adventure,Sci-Fi
36,Star Trek: Deep Space Nine,Action,Adventure,Drama
37,What If...?,Animation,Action,Adventure
38,The Prestige,Drama,Mystery,Sci-Fi
39,Prey,Action,Drama,Horror
40,From,Drama,Horror,Mystery
41,Guardians of the Galaxy Vol. 3,Action,Adventure,Comedy
42,Deadpool,Action,Adventure,Comedy
43,Star Wars: Episode IX - The Rise of Skywalker,Action,Adventure,Fantasy
44,Star Trek: Voyager,Action,Adventure,Sci-Fi
45,Gotham,Action,Crime,Drama
47,Venom: Let There Be Carnage,Action,Adventure,Sci-Fi
48,Aquaman,Action,Adventure,Fantasy
49,Star Wars: Episode III - Revenge of the Sith,Action,Adventure,Fantasy
0,The Lost World: Jurassic Park,Action,Adventure,Sci-Fi
1,Arrival,Drama,Mystery,Sci-Fi
2,Zack Snyder's Justice League,Action,Adventure,Fantasy
3,The Midwich Cuckoos,Drama,Horror,Mystery
4,Ghostbusters,Action,Comedy,Fantasy
6,Alien: Covenant,Horror,Sci-Fi,Thriller
7,"Roswell, New Mexico",Drama,Romance,Sci-Fi
8,Ex Machina,Drama,Sci-Fi,Thriller
9,The Thing,Horror,Mystery,Sci-Fi
10,Spider-Man: Into the Spider-Verse,Animation,Action,Adventure
11,Futurama,Animation,Adventure,Comedy
12,Annihilation,Adventure,Drama,Horror
14,Doom Patrol,Action,Adventure,Comedy
15,Watchmen,Action,Drama,Mystery
16,Star Wars: Rebels,Animation,Action,Adventure
18,The Tomorrow War,Action,Adventure,Drama
19,Star Trek,Action,Adventure,Sci-Fi
20,Aliens,Action,Adventure,Sci-Fi
21,The Deadly Mantis,Family,Horror,Sci-Fi
22,Divergent,Action,Adventure,Mystery
23,Spider-Man: Far from Home,Action,Adventure,Sci-Fi
24,Captain America: The First Avenger,Action,Adventure,Sci-Fi
25,Gravity Falls,Animation,Action,Adventure
26,Resident Alien,Comedy,Drama,Mystery
27,Eternal Sunshine of the Spotless Mind,Drama,Romance,Sci-Fi
28,Upload,Comedy,Mystery,Sci-Fi
29,Supergirl,Action,Adventure,Drama
30,Farzar,Animation,Action,Adventure
31,Deadpool 2,Action,Adventure,Comedy
32,Rogue One,Action,Adventure,Sci-Fi
33,Firefly,Adventure,Drama,Sci-Fi
34,Jessica Jones,Action,Crime,Drama
35,Raised by Wolves,Drama,Fantasy,Sci-Fi
36,The Amazing Spider-Man,Action,Adventure,Sci-Fi
37,Dune: Part Two,Action,Adventure,Drama
38,Avengers: Age of Ultron,Action,Adventure,Sci-Fi
39,The Fifth Element,Action,Adventure,Sci-Fi
40,Transformers,Action,Adventure,Sci-Fi
41,Prometheus,Adventure,Mystery,Sci-Fi
43,The World's End,Action,Comedy,Sci-Fi
44,The Stand,Adventure,Drama,Fantasy
45,Star Wars: Episode VI - Return of the Jedi,Action,Adventure,Fantasy
46,A Quiet Place Part II,Drama,Horror,Sci-Fi
47,Idiocracy,Adventure,Comedy,Sci-Fi
48,Westworld,Action,Sci-Fi,Thriller
49,The Twilight Zone,Drama,Fantasy,Horror
0,Ad Astra,Adventure,Drama,Mystery
1,The Empire Strikes Back,Action,Adventure,Fantasy
2,Legends of Tomorrow,Action,Adventure,Drama
3,The Last of Us,Action,Adventure,Drama
4,Misfits,Comedy,Drama,Fantasy
5,The Falcon and the Winter Soldier,Action,Adventure,Drama
6,Snowpiercer,Action,Drama,Sci-Fi
7,Sonic the Hedgehog,Action,Adventure,Comedy
8,Godzilla vs. Kong,Action,Sci-Fi,Thriller
9,Star Wars: Episode VII - The Force Awakens,Action,Adventure,Sci-Fi
10,Boku no hîrô akademia,Animation,Action,Adventure
11,Captain America: Civil War,Action,Adventure,Sci-Fi
12,Logan,Action,Drama,Sci-Fi
13,ALF,Comedy,Family,Sci-Fi
14,Fantastic Four,Action,Adventure,Sci-Fi
15,Star Wars: Episode II - Attack of the Clones,Action,Adventure,Fantasy
16,The Meg,Action,Horror,Sci-Fi
17,The Fountain,Drama,Mystery,Romance
18,Donnie Darko,Drama,Mystery,Sci-Fi
19,Jigeum Uri Hakgyoneun,Action,Drama,Fantasy
20,Edge of Tomorrow,Action,Adventure,Sci-Fi
21,Armageddon,Action,Adventure,Sci-Fi
22,Despicable Me 3,Animation,Adventure,Comedy
23,Adventure Time,Animation,Action,Adventure
24,Underwater,Action,Horror,Sci-Fi
25,Ready Player One,Action,Adventure,Sci-Fi
26,Starship Troopers,Action,Adventure,Sci-Fi
28,About Time,Comedy,Drama,Fantasy
29,The Man in the High Castle,Drama,Sci-Fi,Thriller
30,The Flash,Action,Adventure,Fantasy
31,A Quiet Place,Drama,Horror,Sci-Fi
32,Quantum Leap,Action,Adventure,Drama
33,Ant-Man and the Wasp: Quantumania,Action,Adventure,Comedy
34,Her,Drama,Romance,Sci-Fi
35,The Martian,Adventure,Drama,Sci-Fi
36,Dune,Action,Adventure,Sci-Fi
37,Blindspot,Action,Crime,Drama
38,Big Hero 6,Animation,Action,Adventure
39,Lost in Space,Adventure,Drama,Family
40,Despicable Me 2,Animation,Adventure,Comedy
41,Predator,Action,Adventure,Horror
43,X-Men,Action,Adventure,Sci-Fi
44,The OA,Drama,Fantasy,Mystery
45,Altered Carbon,Action,Drama,Sci-Fi
46,Star Wars: Episode VIII - The Last Jedi,Action,Adventure,Fantasy
47,The Amazing Spider-Man 2,Action,Adventure,Sci-Fi
48,Solo: A Star Wars Story,Action,Adventure,Sci-Fi
49,Justice League,Action,Adventure,Fantasy
0,Thor: Love and Thunder,Action,Adventure,Comedy
4,Barbie,Adventure,Comedy,Fantasy
5,Zombies 3,Family,Musical,Romance
6,House of the Dragon,Action,Adventure,Drama
8,The Lost City,Action,Adventure,Comedy
9,Modern Family,Comedy,Drama,Romance
11,Vikings,Action,Adventure,Drama
12,Outlander,Drama,Fantasy,Romance
14,This Is Us,Comedy,Drama,Romance
15,Riverdale,Crime,Drama,Mystery
16,Bridgerton,Drama,History,Romance
19,Bones,Comedy,Crime,Drama
21,Castle,Comedy,Crime,Drama
22,The Vampire Diaries,Drama,Fantasy,Horror
24,Buffy the Vampire Slayer,Action,Drama,Fantasy
27,Our Flag Means Death,Action,Adventure,Biography
30,The O.C.,Comedy,Drama,Romance
31,Sex/Life,Comedy,Drama,Romance
32,The Time Traveler's Wife,Drama,Fantasy,Romance
33,"Hello, Goodbye and Everything in Between",Comedy,Drama,Romance
34,Father of the Bride,Comedy,Drama,Romance
35,WandaVision,Action,Comedy,Drama
36,Sex and the City,Comedy,Drama,Romance
37,Licorice Pizza,Comedy,Drama,Romance
38,Fifty Shades of Grey,Drama,Romance,Thriller
39,One Tree Hill,Drama,Romance,Sport
41,Verdens verste menneske,Comedy,Drama,Romance
42,You,Crime,Drama,Romance
43,Pam &amp; Tommy,Biography,Drama,Romance
44,Pretty Little Liars,Drama,Mystery,Romance
45,Superman &amp; Lois,Action,Adventure,Drama
47,True Blood,Drama,Fantasy,Mystery
49,Outer Banks,Action,Crime,Drama
0,Spartacus: Blood and Sand,Action,Adventure,Biography
1,Blonde,Biography,Drama,Mystery
2,Barefoot,Comedy,Drama,Romance
5,Once Upon a Time,Adventure,Fantasy,Romance
6,Jug Jugg Jeeyo,Comedy,Drama,Family
7,Marry Me,Comedy,Music,Romance
8,West Side Story,Crime,Drama,Musical
10,Vikings: Valhalla,Action,Adventure,Drama
13,The Girl Next Door,Comedy,Drama,Romance
14,The Good Place,Comedy,Drama,Fantasy
15,Teen Wolf,Action,Drama,Fantasy
16,Billy the Kid,Adventure,Drama,Romance
17,The French Dispatch,Comedy,Drama,Romance
18,Love &amp; Gelato,Comedy,Drama,Romance
19,Hocus Pocus 2,Comedy,Family,Fantasy
20,Hotel Desire,Short,Drama,Romance
21,The Mortal Instruments: City of Bones,Action,Adventure,Fantasy
22,Desperate Housewives,Comedy,Drama,Mystery
23,Khuda Haafiz Chapter II: Agni Pariksha,Action,Crime,Drama
24,Beautiful Creatures,Drama,Fantasy,Romance
26,The Power of the Dog,Drama,Romance,Western
27,Zoey 101,Comedy,Drama,Family
30,Mr. Malcolm's List,Comedy,Drama,Romance
33,Twilight,Drama,Fantasy,Romance
36,Pretty Little Liars: Original Sin,Drama,Mystery,Romance
40,Mom,Comedy,Drama,Romance
41,10 Things I Hate About You,Comedy,Drama,Romance
44,The Princess Bride,Adventure,Family,Fantasy
45,The Terminal,Comedy,Drama,Romance
46,"Roswell, New Mexico",Drama,Romance,Sci-Fi
47,Emily in Paris,Comedy,Drama,Romance
0,Crazy Rich Asians,Comedy,Drama,Romance
2,Little House on the Prairie,Drama,Family,Romance
3,Witness,Drama,Romance,Thriller
4,Love Island,Game-Show,Reality-TV,Romance
5,Eternal Sunshine of the Spotless Mind,Drama,Romance,Sci-Fi
6,That '70s Show,Comedy,Drama,Romance
7,Good Trouble,Comedy,Drama,Romance
8,Baywatch,Action,Adventure,Crime
9,Alchemy of Souls,Comedy,Drama,Fantasy
11,Les Misérables,Drama,History,Romance
14,Rome,Action,Drama,History
18,Miraculous: Tales of Ladybug &amp; Cat Noir,Animation,Action,Adventure
19,Purple Hearts,Drama,Music,Romance
20,Station 19,Action,Drama,Romance
21,Persuasion,Action,Drama,Family
22,The Blue Lagoon,Adventure,Drama,Romance
23,The Phantom of the Opera,Drama,Musical,Romance
24,"Love, Victor",Comedy,Drama,Romance
25,Heojil kyolshim,Crime,Drama,Mystery
26,The Parent Trap,Adventure,Comedy,Drama
28,American Gigolo,Crime,Drama,Mystery
29,Misfits,Comedy,Drama,Fantasy
30,Remington Steele,Action,Adventure,Comedy
31,Pearl Harbor,Action,Drama,History
34,Ah-ga-ssi,Drama,Romance,Thriller
35,The Little Mermaid,Adventure,Family,Fantasy
36,Love Actually,Comedy,Drama,Romance
37,The Best Years of Our Lives,Drama,Romance,War
38,A Discovery of Witches,Drama,Fantasy,Romance
39,The Fountain,Drama,Mystery,Romance
42,The Sound of Music,Biography,Drama,Family
43,Nude Tuesday,Comedy,Drama,Romance
44,Unfaithful,Drama,Romance,Thriller
45,The Tudors,Drama,History,Romance
46,About Time,Comedy,Drama,Fantasy
47,Malèna,Drama,Romance,War
48,Emma.,Comedy,Drama,Romance
0,Aladdin,Adventure,Comedy,Family
1,Her,Drama,Romance,Sci-Fi
2,La La Land,Comedy,Drama,Music
3,The Age of Adaline,Drama,Fantasy,Romance
7,Doc Martin,Comedy,Drama,Romance
8,Z-O-M-B-I-E-S,Family,Musical,Romance
12,The Curious Case of Benjamin Button,Drama,Fantasy,Romance
15,Everything I Know About Love,Comedy,Drama,Romance
16,Victor/Victoria,Comedy,Music,Romance
18,Steel Magnolias,Comedy,Drama,Romance
19,Legend,Adventure,Fantasy,Romance
21,The Waltons,Drama,Family,Romance
22,The Nanny,Comedy,Family,Romance
23,Lucy in the Sky,Drama,Romance,Sci-Fi
24,Pitch Perfect,Comedy,Music,Romance
25,Dirty Dancing,Drama,Music,Romance
26,Shadowhunters: The Mortal Instruments,Action,Drama,Fantasy
27,Grease,Comedy,Musical,Romance
28,True Romance,Crime,Drama,Romance
29,Moulin Rouge!,Drama,Musical,Romance
30,The Love Boat,Comedy,Drama,Romance
31,Meet Joe Black,Drama,Fantasy,Romance
33,Atonement,Drama,Mystery,Romance
34,Beauty and the Beast,Adventure,Family,Fantasy
35,Edward Scissorhands,Drama,Fantasy,Romance
36,A Million Little Things,Comedy,Drama,Romance
37,Jerry Maguire,Comedy,Drama,Romance
38,He's Just Not That Into You,Comedy,Drama,Romance
39,Willow,Action,Adventure,Drama
41,Three Thousand Years of Longing,Drama,Fantasy,Romance
42,Disenchanted,Animation,Adventure,Comedy
44,The Twilight Saga: Breaking Dawn - Part 2,Adventure,Drama,Fantasy
46,Big Mouth,Animation,Comedy,Romance
47,The King,Biography,Drama,History
49,Secretary,Comedy,Drama,Romance
0,"Crazy, Stupid, Love.",Comedy,Drama,Romance
1,Vicky Cristina Barcelona,Comedy,Drama,Romance
2,Gentleman Jack,Biography,Drama,History
3,Scott Pilgrim vs. the World,Action,Comedy,Fantasy
5,Hart of Dixie,Comedy,Drama,Romance
7,La vita è bella,Comedy,Drama,Romance
9,LOL,Comedy,Drama,Romance
10,The End of the F***ing World,Adventure,Comedy,Crime
12,Kaguya-sama wa kokurasetai ~ Tensai tachi no ren'ai zunô sen ~,Animation,Comedy,Romance
13,Casablanca,Drama,Romance,War
14,The Wedding Singer,Comedy,Music,Romance
15,Absence of Malice,Drama,Romance,Thriller
16,Fifty Shades Freed,Drama,Romance,Thriller
18,Up in the Air,Comedy,Drama,Romance
21,Allied,Action,Drama,Romance
22,Victorious,Comedy,Drama,Family
23,Mamma Mia!,Comedy,Musical,Romance
24,Dracula,Drama,Fantasy,Horror
25,Benedetta,Biography,Drama,History
28,Les Misérables,Drama,Musical,Romance
29,You've Got Mail,Comedy,Drama,Romance
30,Bring It On,Comedy,Romance,Sport
33,Jaadugar,Comedy,Drama,Fantasy
35,9 Songs,Drama,Music,Romance
36,Eureka,Adventure,Comedy,Drama
37,Kimi no na wa.,Animation,Drama,Fantasy
39,A Knight's Tale,Action,Adventure,Romance
40,Risky Business,Comedy,Crime,Drama
43,A Star Is Born,Drama,Music,Romance
44,Bewitched,Comedy,Family,Fantasy
46,The Spectacular Now,Comedy,Drama,Romance
48,Shrek,Animation,Adventure,Comedy
49,Only Angels Have Wings,Adventure,Drama,Romance
0,Thor: Love and Thunder,Action,Adventure,Comedy
1,The Umbrella Academy,Action,Adventure,Comedy
2,Ms. Marvel,Action,Adventure,Comedy
3,The Sea Beast,Animation,Adventure,Comedy
4,Only Murders in the Building,Comedy,Crime,Drama
5,Minions: The Rise of Gru,Animation,Adventure,Comedy
6,Everything Everywhere All at Once,Action,Adventure,Comedy
7,The Orville,Adventure,Comedy,Drama
8,Sing 2,Animation,Adventure,Comedy
9,What We Do in the Shadows,Comedy,Fantasy,Horror
12,Barbie,Adventure,Comedy,Fantasy
13,Thor: Ragnarok,Action,Adventure,Comedy
14,Ted Lasso,Comedy,Drama,Sport
15,Bodies Bodies Bodies,Comedy,Horror,Thriller
16,Hustle,Comedy,Drama,Sport
17,The Bob's Burgers Movie,Animation,Adventure,Comedy
18,The Munsters,Comedy,Family,Fantasy
19,Barry,Action,Comedy,Crime
23,The Lost City,Action,Adventure,Comedy
25,The Bad Guys,Animation,Adventure,Comedy
26,Modern Family,Comedy,Drama,Romance
28,The Unbearable Weight of Massive Talent,Action,Comedy,Crime
31,"Love, Death &amp; Robots",Animation,Short,Action
34,Solar Opposites,Animation,Comedy,Sci-Fi
37,This Is Us,Comedy,Drama,Romance
39,Rick and Morty,Animation,Adventure,Comedy
40,Man vs. Bee,Short,Comedy,Family
41,Paws of Fury: The Legend of Hank,Animation,Action,Comedy
42,Bones,Comedy,Crime,Drama
43,Day Shift,Action,Comedy,Fantasy
45,Atlanta,Comedy,Drama,Music
47,Castle,Comedy,Crime,Drama
5,The Wolf of Wall Street,Biography,Comedy,Crime
6,Ghostbusters: Afterlife,Adventure,Comedy,Fantasy
8,DC League of Super-Pets,Animation,Action,Adventure
9,One Piece: Wan pîsu,Animation,Action,Adventure
10,McDonald &amp; Dodds,Comedy,Crime,Mystery
12,Our Flag Means Death,Action,Adventure,Biography
15,The Flight Attendant,Comedy,Drama,Mystery
16,Free Guy,Action,Adventure,Comedy
20,The O.C.,Comedy,Drama,Romance
21,Sex/Life,Comedy,Drama,Romance
22,CODA,Comedy,Drama,Music
23,Sonic the Hedgehog 2,Action,Adventure,Comedy
24,She-Hulk: Attorney at Law,Action,Adventure,Comedy
26,"Hello, Goodbye and Everything in Between",Comedy,Drama,Romance
27,Father of the Bride,Comedy,Drama,Romance
28,WandaVision,Action,Comedy,Drama
29,Luck,Animation,Adventure,Comedy
30,Minions,Animation,Adventure,Comedy
31,Sex and the City,Comedy,Drama,Romance
32,Jerry &amp; Marge Go Large,Biography,Comedy,Drama
34,Licorice Pizza,Comedy,Drama,Romance
35,Guardians of the Galaxy,Action,Adventure,Comedy
36,The Goonies,Adventure,Comedy,Family
37,The Baby,Comedy,Horror,Mystery
38,Marcel the Shell with Shoes On,Animation,Comedy,Family
39,Glee,Comedy,Drama,Music
40,Death in Paradise,Comedy,Crime,Drama
42,American Made,Action,Comedy,Crime
44,Verdens verste menneske,Comedy,Drama,Romance
46,Harley Quinn,Animation,Action,Adventure
47,Kung Fu Panda: The Dragon Knight,Animation,Short,Action
48,Cobra Kai,Action,Comedy,Drama
49,Orange Is the New Black,Comedy,Crime,Drama
0,Spy x Family,Animation,Action,Comedy
1,Don't Look Up,Comedy,Drama,Sci-Fi
3,Encanto,Animation,Comedy,Family
4,Back to the Future,Adventure,Comedy,Sci-Fi
5,The Gentlemen,Action,Comedy,Crime
9,Diabolical,Animation,Short,Action
11,Gisaengchung,Comedy,Drama,Thriller
13,Boy Meets World,Comedy,Drama,Family
15,The Suicide Squad,Action,Adventure,Comedy
16,The Outlaws,Comedy,Crime,Drama
17,BoJack Horseman,Animation,Comedy,Drama
18,The Adam Project,Action,Adventure,Comedy
20,Jojo Rabbit,Comedy,Drama,War
21,Knives Out,Comedy,Crime,Drama
22,Barefoot,Comedy,Drama,Romance
27,Peacemaker,Action,Adventure,Comedy
29,Despicable Me,Animation,Adventure,Comedy
30,Psych,Comedy,Crime,Mystery
31,Jug Jugg Jeeyo,Comedy,Drama,Family
32,Chip 'n Dale: Rescue Rangers,Animation,Adventure,Comedy
33,Basutado!! Ankoku no hakaishin,Animation,Action,Adventure
34,Marry Me,Comedy,Music,Romance
37,CHIPS,Action,Comedy,Crime
39,Guardians of the Galaxy Vol. 2,Action,Adventure,Comedy
42,The Sandlot,Comedy,Drama,Family
44,Vengeance,Comedy,Mystery,Thriller
45,Turning Red,Animation,Adventure,Comedy
46,M*A*S*H,Comedy,Drama,War
47,Monk,Comedy,Crime,Drama
48,The Girl Next Door,Comedy,Drama,Romance
49,Fresh,Comedy,Horror,Thriller
1,The Good Place,Comedy,Drama,Fantasy
2,The French Dispatch,Comedy,Drama,Romance
3,The Phantom of the Open,Comedy,Drama,Sport
5,Love &amp; Gelato,Comedy,Drama,Romance
7,King of Stonks,Comedy,Drama,Thriller
8,Hocus Pocus 2,Comedy,Family,Fantasy
9,The Great,Biography,Comedy,Drama
11,Baymax!,Animation,Short,Action
12,Spree,Action,Comedy,Crime
13,The Grand Budapest Hotel,Adventure,Comedy,Crime
14,Desperate Housewives,Comedy,Drama,Mystery
15,777 Charlie,Adventure,Comedy,Drama
16,Alice's Restaurant,Comedy,Drama,Music
17,Guardians of the Galaxy Vol. 3,Action,Adventure,Comedy
19,Red Notice,Action,Comedy,Thriller
20,Zoey 101,Comedy,Drama,Family
22,Archer,Animation,Action,Comedy
24,Deadpool,Action,Adventure,Comedy
26,Mr. Malcolm's List,Comedy,Drama,Romance
34,Sing,Animation,Comedy,Family
37,The Big Short,Biography,Comedy,Drama
38,Mom,Comedy,Drama,Romance
40,10 Things I Hate About You,Comedy,Drama,Romance
41,SpongeBob SquarePants,Animation,Comedy,Family
43,Russian Doll,Comedy,Drama,Mystery
44,The Terminal,Comedy,Drama,Romance
45,Ghostbusters,Action,Comedy,Fantasy
47,Emily in Paris,Comedy,Drama,Romance
49,Naruto: Shippûden,Animation,Action,Adventure
0,Spider-Man: Into the Spider-Verse,Animation,Action,Adventure
2,Futurama,Animation,Adventure,Comedy
3,Doom Patrol,Action,Adventure,Comedy
5,Hustlers,Comedy,Crime,Drama
6,Operation Fortune: Ruse de guerre,Action,Comedy,Thriller
8,Crazy Rich Asians,Comedy,Drama,Romance
13,Hunter x Hunter,Animation,Action,Adventure
14,Gravity Falls,Animation,Action,Adventure
15,Resident Alien,Comedy,Drama,Mystery
16,Kingsman: The Secret Service,Action,Adventure,Comedy
17,That '70s Show,Comedy,Drama,Romance
18,Shoresy,Action,Comedy,Drama
19,Good Trouble,Comedy,Drama,Romance
21,Upload,Comedy,Mystery,Sci-Fi
22,White Collar,Comedy,Crime,Drama
25,Alchemy of Souls,Comedy,Drama,Fantasy
27,Farzar,Animation,Action,Adventure
29,Birds of Prey and the Fantabulous Emancipation of One Harley Quinn,Action,Adventure,Comedy
30,Deadpool 2,Action,Adventure,Comedy
32,Moana,Animation,Adventure,Comedy
36,"Love, Victor",Comedy,Drama,Romance
39,The Parent Trap,Adventure,Comedy,Drama
40,The World's End,Action,Comedy,Sci-Fi
42,Scooby-Doo,Adventure,Comedy,Family
44,Idiocracy,Adventure,Comedy,Sci-Fi
46,Naruto,Animation,Action,Adventure
48,A League of Their Own,Comedy,Drama,Sport
0,Stranger Things,Drama,Fantasy,Horror
1,The Boys,Action,Crime,Drama
3,The Terminal List,Action,Drama,Thriller
4,The Lord of the Rings: The Rings of Power,Action,Adventure,Drama
5,The Umbrella Academy,Action,Adventure,Comedy
6,Black Bird,Crime,Drama,Thriller
7,Ms. Marvel,Action,Adventure,Comedy
9,Only Murders in the Building,Comedy,Crime,Drama
10,Westworld,Drama,Mystery,Sci-Fi
11,The Old Man,Action,Drama,Thriller
12,Elvis,Biography,Drama,Music
14,Where the Crawdads Sing,Drama,Mystery,Thriller
15,Breaking Bad,Crime,Drama,Thriller
16,Game of Thrones,Action,Adventure,Drama
19,The Orville,Adventure,Comedy,Drama
23,Severance,Drama,Mystery,Sci-Fi
25,The Walking Dead,Drama,Horror,Thriller
26,Dark Winds,Crime,Drama,Thriller
29,Manifest,Drama,Mystery,Sci-Fi
30,Supernatural,Drama,Fantasy,Horror
31,Lightyear,Animation,Action,Adventure
32,The Northman,Action,Adventure,Drama
34,The Batman,Action,Crime,Drama
37,Ozark,Crime,Drama,Thriller
38,Ted Lasso,Comedy,Drama,Sport
40,Last Night in Soho,Drama,Horror,Mystery
41,The Princess,Action,Drama,Fantasy
42,Hustle,Comedy,Drama,Sport
44,The Sandman,Drama,Fantasy,Horror
45,House of Gucci,Biography,Crime,Drama
46,House of the Dragon,Action,Adventure,Drama
48,Spiderhead,Action,Crime,Drama
49,Barry,Action,Comedy,Crime
1,NCIS: Naval Criminal Investigative Service,Action,Crime,Drama
2,La noche más larga,Action,Crime,Drama
3,Under the Banner of Heaven,Crime,Drama,Mystery
4,Banshee,Action,Crime,Drama
5,Criminal Minds,Crime,Drama,Mystery
6,Black Mirror,Drama,Mystery,Sci-Fi
8,Modern Family,Comedy,Drama,Romance
9,The Flash,Action,Adventure,Drama
10,The Lincoln Lawyer,Crime,Drama,Mystery
11,Orphan: First Kill,Crime,Drama,Horror
12,Law &amp; Order: Special Victims Unit,Crime,Drama,Mystery
13,Rocketry: The Nambi Effect,Action,Biography,Drama
14,American Horror Story,Drama,Horror,Sci-Fi
15,Vikings,Action,Adventure,Drama
16,The Staircase,Biography,Crime,Drama
17,The Wire,Crime,Drama,Thriller
20,The Blacklist,Crime,Drama,Mystery
22,"Love, Death &amp; Robots",Animation,Short,Action
24,The Last Kingdom,Action,Drama,History
25,Doctor Who,Adventure,Drama,Sci-Fi
27,Death on the Nile,Crime,Drama,Mystery
28,True Detective,Crime,Drama,Mystery
29,Outlander,Drama,Fantasy,Romance
32,Goodfellas,Biography,Crime,Drama
33,Lucifer,Crime,Drama,Fantasy
34,Shingeki no Kyojin,Animation,Action,Adventure
35,Crimes of the Future,Drama,Horror,Sci-Fi
36,Reacher,Action,Crime,Drama
37,Lost,Adventure,Drama,Fantasy
38,Sherwood,Crime,Drama,Mystery
39,This Is Us,Comedy,Drama,Romance
40,Midsomer Murders,Crime,Drama,Mystery
41,Yellowjackets,Drama,Horror,Mystery
42,Men,Drama,Fantasy,Horror
43,Riverdale,Crime,Drama,Mystery
47,12 Strong,Action,Drama,History
48,The Undeclared War,Drama,Sci-Fi,Thriller
49,Bridgerton,Drama,History,Romance
0,Capitani,Crime,Drama,Mystery
1,Evil,Crime,Drama,Horror
2,Avengers: Endgame,Action,Adventure,Drama
3,Dune: Part One,Action,Adventure,Drama
6,Bones,Comedy,Crime,Drama
7,Atlanta,Comedy,Drama,Music
8,Fargo,Crime,Drama,Thriller
9,Castle,Comedy,Crime,Drama
10,The Vampire Diaries,Drama,Fantasy,Horror
12,Watcher,Drama,Horror,Thriller
13,The Witcher,Action,Adventure,Drama
14,La casa de papel,Action,Crime,Drama
17,The X Files,Crime,Drama,Mystery
19,Dark,Crime,Drama,Mystery
21,Star Trek: Discovery,Action,Adventure,Drama
23,Blue Bloods,Crime,Drama,Mystery
25,The Crown,Biography,Drama,History
26,The Wolf of Wall Street,Biography,Comedy,Crime
27,One Piece: Wan pîsu,Animation,Action,Adventure
28,Midsommar,Drama,Horror,Mystery
29,Sons of Anarchy,Crime,Drama,Thriller
30,Buffy the Vampire Slayer,Action,Drama,Fantasy
31,We Own This City,Biography,Crime,Drama
32,The Dark Knight,Action,Crime,Drama
37,Ambulance,Action,Crime,Drama
38,Interstellar,Adventure,Drama,Sci-Fi
41,The Talented Mr. Ripley,Crime,Drama,Thriller
42,The Flight Attendant,Comedy,Drama,Mystery
43,Invincible,Animation,Action,Adventure
47,The 100,Drama,Mystery,Sci-Fi
48,Black Panther: Wakanda Forever,Action,Adventure,Drama
49,The Woman King,Action,Drama,History
0,The Mentalist,Crime,Drama,Mystery
1,Endeavour,Crime,Drama,Mystery
2,Law &amp; Order,Crime,Drama,Mystery
3,American Psycho,Crime,Drama,Horror
4,Se7en,Crime,Drama,Mystery
5,The O.C.,Comedy,Drama,Romance
6,Sex/Life,Comedy,Drama,Romance
7,Legacies,Adventure,Drama,Fantasy
8,CODA,Comedy,Drama,Music
9,The Time Traveler's Wife,Drama,Fantasy,Romance
10,Star Wars: The Clone Wars,Animation,Action,Adventure
12,She-Hulk: Attorney at Law,Action,Adventure,Comedy
13,"Hello, Goodbye and Everything in Between",Comedy,Drama,Romance
14,Father of the Bride,Comedy,Drama,Romance
15,WandaVision,Action,Comedy,Drama
16,Old,Drama,Horror,Mystery
17,Arcane: League of Legends,Animation,Action,Adventure
18,Ojing-eo geim,Action,Drama,Mystery
19,Grantchester,Crime,Drama,Mystery
20,Sex and the City,Comedy,Drama,Romance
21,Mr. Robot,Crime,Drama,Thriller
22,Jack Ryan,Action,Drama,Thriller
23,Dexter,Crime,Drama,Mystery
24,American Horror Stories,Drama,Horror,Mystery
26,Jerry &amp; Marge Go Large,Biography,Comedy,Drama
27,Prison Break,Action,Crime,Drama
28,Sherlock,Crime,Drama,Mystery
30,The Lord of the Rings: The Fellowship of the Ring,Action,Adventure,Drama
31,Killers of the Flower Moon,Crime,Drama,History
32,Licorice Pizza,Comedy,Drama,Romance
37,Fifty Shades of Grey,Drama,Romance,Thriller
38,Glee,Comedy,Drama,Music
40,Oppenheimer,Biography,Drama,History
41,One Tree Hill,Drama,Romance,Sport
42,Death in Paradise,Comedy,Crime,Drama
43,Band of Brothers,Drama,History,War
44,The Expanse,Drama,Mystery,Sci-Fi
47,American Made,Action,Comedy,Crime
48,Verdens verste menneske,Comedy,Drama,Romance
49,You,Crime,Drama,Romance
0,Major,Action,Biography,Drama
1,Pam &amp; Tommy,Biography,Drama,Romance
2,Cobra Kai,Action,Comedy,Drama
4,Daredevil,Action,Crime,Drama
5,Deep Water,Drama,Mystery,Thriller
6,Chicago P.D.,Action,Crime,Drama
7,Orange Is the New Black,Comedy,Crime,Drama
9,Spy x Family,Animation,Action,Comedy
10,Killing Eve,Action,Adventure,Drama
11,Bohemian Rhapsody,Biography,Drama,Music
13,Pretty Little Liars,Drama,Mystery,Romance
15,Don't Look Up,Comedy,Drama,Sci-Fi
16,Terror on the Prairie,Drama,Thriller,Western
17,Superman &amp; Lois,Action,Adventure,Drama
20,Chernobyl,Drama,History,Thriller
23,Big Sky,Crime,Drama,Mystery
24,Samaritan,Action,Drama,Fantasy
27,Blade Runner 2049,Action,Drama,Mystery
28,Interceptor,Action,Adventure,Drama
29,The Wheel of Time,Action,Adventure,Drama
30,Mindhunter,Crime,Drama,Mystery
32,CSI: Crime Scene Investigation,Crime,Drama,Mystery
33,Outer Range,Drama,Mystery,Thriller
34,Diabolical,Animation,Short,Action
35,Silent Witness,Crime,Drama,Mystery
36,Smallville,Action,Adventure,Drama
38,Night Sky,Adventure,Drama,Fantasy
39,Gisaengchung,Comedy,Drama,Thriller
40,True Blood,Drama,Fantasy,Mystery
42,Titans,Action,Adventure,Crime
45,Star Trek: Picard,Action,Adventure,Drama
46,Boy Meets World,Comedy,Drama,Family
47,S.W.A.T.,Action,Adventure,Crime
48,Warehouse 13,Drama,Mystery,Sci-Fi
0,Thor: Love and Thunder,Action,Adventure,Comedy
1,The Lord of the Rings: The Rings of Power,Action,Adventure,Drama
2,The Umbrella Academy,Action,Adventure,Comedy
3,Ms. Marvel,Action,Adventure,Comedy
4,The Sea Beast,Animation,Adventure,Comedy
5,Jurassic World Dominion,Action,Adventure,Sci-Fi
6,Game of Thrones,Action,Adventure,Drama
7,Minions: The Rise of Gru,Animation,Adventure,Comedy
8,Doctor Strange in the Multiverse of Madness,Action,Adventure,Fantasy
9,Everything Everywhere All at Once,Action,Adventure,Comedy
10,Star Trek: Strange New Worlds,Action,Adventure,Sci-Fi
11,The Orville,Adventure,Comedy,Drama
12,Obi-Wan Kenobi,Action,Adventure,Sci-Fi
13,Sing 2,Animation,Adventure,Comedy
14,Lightyear,Animation,Action,Adventure
15,The Northman,Action,Adventure,Drama
16,Barbie,Adventure,Comedy,Fantasy
17,Thor: Ragnarok,Action,Adventure,Comedy
18,The Man from Toronto,Action,Adventure,Thriller
19,Spider-Man: No Way Home,Action,Adventure,Fantasy
20,The Bob's Burgers Movie,Animation,Adventure,Comedy
21,House of the Dragon,Action,Adventure,Drama
22,The Lost City,Action,Adventure,Comedy
23,The Bad Guys,Animation,Adventure,Comedy
24,The Flash,Action,Adventure,Drama
25,Thor,Action,Adventure,Fantasy
26,The Mandalorian,Action,Adventure,Fantasy
27,Vikings,Action,Adventure,Drama
29,Moon Knight,Action,Adventure,Fantasy
30,"Love, Death &amp; Robots",Animation,Short,Action
31,Fantastic Beasts: The Secrets of Dumbledore,Action,Adventure,Fantasy
32,No Time to Die,Action,Adventure,Thriller
33,Doctor Who,Adventure,Drama,Sci-Fi
34,Shingeki no Kyojin,Animation,Action,Adventure
35,Lost,Adventure,Drama,Fantasy
36,Jurassic Park,Action,Adventure,Sci-Fi
37,Rick and Morty,Animation,Adventure,Comedy
38,Morbius,Action,Adventure,Horror
39,The Marvels,Action,Adventure,Fantasy
40,Avengers: Endgame,Action,Adventure,Drama
41,Dune: Part One,Action,Adventure,Drama
42,Malnazidos,Action,Adventure,Fantasy
43,Halo,Action,Adventure,Sci-Fi
44,Thor: The Dark World,Action,Adventure,Fantasy
45,Eternals,Action,Adventure,Fantasy
46,The Witcher,Action,Adventure,Drama
47,Star Trek: Discovery,Action,Adventure,Drama
48,Ghostbusters: Afterlife,Adventure,Comedy,Fantasy
49,DC League of Super-Pets,Animation,Action,Adventure
0,One Piece: Wan pîsu,Animation,Action,Adventure
1,Avatar: The Way of Water,Action,Adventure,Sci-Fi
2,Interstellar,Adventure,Drama,Sci-Fi
3,Our Flag Means Death,Action,Adventure,Biography
4,Inception,Action,Adventure,Sci-Fi
5,Invincible,Animation,Action,Adventure
6,Free Guy,Action,Adventure,Comedy
7,Black Panther: Wakanda Forever,Action,Adventure,Drama
8,Loki,Action,Adventure,Fantasy
9,Legacies,Adventure,Drama,Fantasy
10,Star Wars: The Clone Wars,Animation,Action,Adventure
11,Sonic the Hedgehog 2,Action,Adventure,Comedy
12,Harry Potter and the Sorcerer's Stone,Adventure,Family,Fantasy
13,She-Hulk: Attorney at Law,Action,Adventure,Comedy
14,Arcane: League of Legends,Animation,Action,Adventure
15,Luck,Animation,Adventure,Comedy
16,Minions,Animation,Adventure,Comedy
18,Avengers: Infinity War,Action,Adventure,Sci-Fi
19,The Lord of the Rings: The Fellowship of the Ring,Action,Adventure,Drama
20,Guardians of the Galaxy,Action,Adventure,Comedy
21,Star Trek: The Next Generation,Action,Adventure,Sci-Fi
22,The Goonies,Adventure,Comedy,Family
23,The Book of Boba Fett,Action,Adventure,Sci-Fi
24,Star Trek,Action,Adventure,Sci-Fi
25,Star Wars,Action,Adventure,Fantasy
26,Harley Quinn,Animation,Action,Adventure
27,Kung Fu Panda: The Dragon Knight,Animation,Short,Action
29,Killing Eve,Action,Adventure,Drama
30,Jurassic World,Action,Adventure,Sci-Fi
31,Demon Slayer: Kimetsu No Yaiba,Animation,Action,Adventure
32,Superman &amp; Lois,Action,Adventure,Drama
33,Expend4bles,Action,Adventure,Thriller
34,Independence Day,Action,Adventure,Sci-Fi
35,Moonfall,Action,Adventure,Sci-Fi
37,Doctor Strange,Action,Adventure,Fantasy
38,Interceptor,Action,Adventure,Drama
39,Black Widow,Action,Adventure,Sci-Fi
40,Jurassic World: Fallen Kingdom,Action,Adventure,Sci-Fi
41,Back to the Future,Adventure,Comedy,Sci-Fi
42,The Wheel of Time,Action,Adventure,Drama
43,Avatar,Action,Adventure,Fantasy
44,The King's Man,Action,Adventure,Thriller
45,Diabolical,Animation,Short,Action
46,Smallville,Action,Adventure,Drama
47,Night Sky,Adventure,Drama,Fantasy
48,Titans,Action,Adventure,Crime
49,Star Trek: Picard,Action,Adventure,Drama
0,S.W.A.T.,Action,Adventure,Crime
1,The Suicide Squad,Action,Adventure,Comedy
2,The Adam Project,Action,Adventure,Comedy
3,Gladiator,Action,Adventure,Drama
4,Captain Marvel,Action,Adventure,Sci-Fi
5,Shang-Chi and the Legend of the Ten Rings,Action,Adventure,Fantasy
6,Vinland Saga,Animation,Action,Adventure
7,Spartacus: Blood and Sand,Action,Adventure,Biography
8,Mad Max: Fury Road,Action,Adventure,Sci-Fi
9,Pirates of the Caribbean: The Curse of the Black Pearl,Action,Adventure,Fantasy
10,Arrow,Action,Adventure,Crime
11,Hawkeye,Action,Adventure,Crime
12,Peacemaker,Action,Adventure,Comedy
13,Once Upon a Time,Adventure,Fantasy,Romance
14,Despicable Me,Animation,Adventure,Comedy
15,Agents of S.H.I.E.L.D.,Action,Adventure,Drama
16,Deliverance,Adventure,Drama,Thriller
17,Chip 'n Dale: Rescue Rangers,Animation,Adventure,Comedy
18,Basutado!! Ankoku no hakaishin,Animation,Action,Adventure
19,Star Wars: Episode I - The Phantom Menace,Action,Adventure,Fantasy
20,Inglourious Basterds,Adventure,Drama,War
21,Hellboy,Action,Adventure,Fantasy
22,Stargåte SG-1,Action,Adventure,Drama
23,Spider-Man: Homecoming,Action,Adventure,Sci-Fi
24,Guardians of the Galaxy Vol. 2,Action,Adventure,Comedy
25,Enola Holmes,Action,Adventure,Crime
26,Black Panther,Action,Adventure,Sci-Fi
27,Doragon boru supa supa hiro,Animation,Action,Adventure
28,Spider-Man,Action,Adventure,Sci-Fi
29,Vikings: Valhalla,Action,Adventure,Drama
30,Turning Red,Animation,Adventure,Comedy
31,The Avengers,Action,Adventure,Sci-Fi
32,The Lord of the Rings: The Return of the King,Action,Adventure,Drama
33,Avatar: The Last Airbender,Animation,Action,Adventure
34,Station Eleven,Adventure,Drama,Fantasy
35,Billy the Kid,Adventure,Drama,Romance
37,The Hunger Games,Action,Adventure,Sci-Fi
38,Baymax!,Animation,Short,Action
39,Suicide Squad,Action,Adventure,Fantasy
40,The Mortal Instruments: City of Bones,Action,Adventure,Fantasy
41,The Grand Budapest Hotel,Adventure,Comedy,Crime
42,Iron Man,Action,Adventure,Sci-Fi
43,Shadow and Bone,Action,Adventure,Drama
44,777 Charlie,Adventure,Comedy,Drama
45,Star Trek: Deep Space Nine,Action,Adventure,Drama
46,What If...?,Animation,Action,Adventure
47,Guardians of the Galaxy Vol. 3,Action,Adventure,Comedy
48,Thelma &amp; Louise,Adventure,Crime,Drama
49,Deadpool,Action,Adventure,Comedy
1,Star Wars: Episode IX - The Rise of Skywalker,Action,Adventure,Fantasy
2,The Mummy,Action,Adventure,Fantasy
3,Star Trek: Voyager,Action,Adventure,Sci-Fi
4,Monster High,Action,Adventure,Fantasy
5,Mission: Impossible - Fallout,Action,Adventure,Thriller
6,The Wilds,Adventure,Drama,Mystery
7,Venom: Let There Be Carnage,Action,Adventure,Sci-Fi
8,Aquaman,Action,Adventure,Fantasy
9,Fantastic Beasts: The Crimes of Grindelwald,Adventure,Family,Fantasy
10,Star Wars: Episode III - Revenge of the Sith,Action,Adventure,Fantasy
11,The Lost World: Jurassic Park,Action,Adventure,Sci-Fi
12,Zack Snyder's Justice League,Action,Adventure,Fantasy
13,Black Sails,Action,Adventure,Drama
15,Never Say Never Again,Action,Adventure,Thriller
16,The Princess Bride,Adventure,Family,Fantasy
17,Naruto: Shippûden,Animation,Action,Adventure
18,Spider-Man: Into the Spider-Verse,Animation,Action,Adventure
19,Futurama,Animation,Adventure,Comedy
20,Annihilation,Adventure,Drama,Horror
21,Doom Patrol,Action,Adventure,Comedy
22,Star Wars: Rebels,Animation,Action,Adventure
23,Mission: Impossible,Action,Adventure,Thriller
25,The Tomorrow War,Action,Adventure,Drama
26,Star Trek,Action,Adventure,Sci-Fi
27,Aliens,Action,Adventure,Sci-Fi
28,Divergent,Action,Adventure,Mystery
29,Mission: Impossible - Dead Reckoning - Part One,Action,Adventure,Thriller
30,The Lord of the Rings: The Two Towers,Action,Adventure,Drama
31,Spider-Man: Far from Home,Action,Adventure,Sci-Fi
32,Captain America: The First Avenger,Action,Adventure,Sci-Fi
33,Hunter x Hunter,Animation,Action,Adventure
34,Gravity Falls,Animation,Action,Adventure
35,Kingsman: The Secret Service,Action,Adventure,Comedy
36,His Dark Materials,Adventure,Drama,Family
37,Baywatch,Action,Adventure,Crime
38,Beast,Adventure,Drama,Horror
39,Supergirl,Action,Adventure,Drama
40,Farzar,Animation,Action,Adventure
41,Birds of Prey and the Fantabulous Emancipation of One Harley Quinn,Action,Adventure,Comedy
42,Deadpool 2,Action,Adventure,Comedy
43,Moana,Animation,Adventure,Comedy
44,Miraculous: Tales of Ladybug &amp; Cat Noir,Animation,Action,Adventure
45,Rogue One,Action,Adventure,Sci-Fi
46,Firefly,Adventure,Drama,Sci-Fi
47,The Amazing Spider-Man,Action,Adventure,Sci-Fi
48,Dune: Part Two,Action,Adventure,Drama
49,The Blue Lagoon,Adventure,Drama,Romance
0,Avengers: Age of Ultron,Action,Adventure,Sci-Fi
1,The Fifth Element,Action,Adventure,Sci-Fi
2,Transformers,Action,Adventure,Sci-Fi
3,The Parent Trap,Adventure,Comedy,Drama
4,Prometheus,Adventure,Mystery,Sci-Fi
5,The Lion King,Animation,Adventure,Drama
6,The Stand,Adventure,Drama,Fantasy
7,Star Wars: Episode VI - Return of the Jedi,Action,Adventure,Fantasy
8,Scooby-Doo,Adventure,Comedy,Family
9,The Railway Children Return,Adventure,Drama,Family
10,Idiocracy,Adventure,Comedy,Sci-Fi
11,Pirates of the Caribbean: Dead Men Tell No Tales,Action,Adventure,Fantasy
12,Naruto,Animation,Action,Adventure
13,Ad Astra,Adventure,Drama,Mystery
14,The Empire Strikes Back,Action,Adventure,Fantasy
15,Legends of Tomorrow,Action,Adventure,Drama
16,Casino Royale,Action,Adventure,Thriller
17,The Last of Us,Action,Adventure,Drama
18,Shazam! Fury of the Gods,Action,Adventure,Comedy
20,The Falcon and the Winter Soldier,Action,Adventure,Drama
21,Remington Steele,Action,Adventure,Comedy
22,Sen to Chihiro no kamikakushi,Animation,Adventure,Family
23,Sonic the Hedgehog,Action,Adventure,Comedy
24,The Revenant,Action,Adventure,Drama
25,Star Wars: Episode VII - The Force Awakens,Action,Adventure,Sci-Fi
26,Boku no hîrô akademia,Animation,Action,Adventure
27,Captain America: Civil War,Action,Adventure,Sci-Fi
28,Cruella,Adventure,Comedy,Crime
29,Speed,Action,Adventure,Thriller
30,The Little Mermaid,Adventure,Family,Fantasy
31,Cars,Animation,Adventure,Comedy
32,Fantastic Four,Action,Adventure,Sci-Fi
33,Star Wars: Episode II - Attack of the Clones,Action,Adventure,Fantasy
34,Harry Potter and the Goblet of Fire,Adventure,Family,Fantasy
35,Big Trouble in Little China,Action,Adventure,Comedy
36,Edge of Tomorrow,Action,Adventure,Sci-Fi
37,Armageddon,Action,Adventure,Sci-Fi
38,The Mummy,Action,Adventure,Fantasy
39,Despicable Me 3,Animation,Adventure,Comedy
40,Adventure Time,Animation,Action,Adventure
41,Fantastic Beasts and Where to Find Them,Adventure,Family,Fantasy
42,The Green Knight,Adventure,Drama,Fantasy
43,Ready Player One,Action,Adventure,Sci-Fi
44,Starship Troopers,Action,Adventure,Sci-Fi
45,Toy Story,Animation,Adventure,Comedy
46,The Flash,Action,Adventure,Fantasy
47,Quantum Leap,Action,Adventure,Drama
49,Ant-Man and the Wasp: Quantumania,Action,Adventure,Comedy
